subheading,subheading_text,chapter,heading_text,chapter_text,heading,domain,prior_class,prior_label,nli_prob_1,nli_prob_2,nli_prob_3,nli_prob_4,nli_prob_5,nli_class,nli_label,nli_uncertainty,prior_nli_agree
721650,"Iron or non-alloy steel: angles, shapes and sections, n.e.c. in heading no. 7216, hot-rolled, hot-drawn or extruded",72,"Iron or non-alloy steel, angles, shapes and sections",Iron and steel,7216,D4,2.0,Primary Processed,0.006873805679182356,0.030592648925019384,0.014919398651241391,0.9317019172307022,0.01591222951385466,4,Manufactured Component,0.2084,False
721730,"Iron or non-alloy steel: wire, plated or coated with base metals (other than zinc)",72,Wire of iron or non-alloy steel,Iron and steel,7217,D4,2.0,Primary Processed,0.04618315390090802,0.02136046249166045,0.05341973145786723,0.83653598868002,0.04250066346954431,4,Manufactured Component,0.4127,False
721230,"Iron or non-alloy steel: flat-rolled, width less than 600mm, plated or coated with zinc (not electrolytically)",72,"Iron or non-alloy steel; flat-rolled products, width less than 600mm, clad, plated or coated",Iron and steel,7212,D4,2.0,Primary Processed,0.025910618748911422,0.013915764686307485,0.02689659509422612,0.9119631987796425,0.021313822690912438,4,Manufactured Component,0.2594,False
720927,"Iron or non-alloy steel: (not in coils), flat-rolled, width 600mm or more, cold-rolled, of a thickness of 0.5mm or more but not exceeding 1mm",72,"Iron or non-alloy steel; flat-rolled products, width 600mm or more, cold-rolled (cold-reduced), not clad, plated or coated",Iron and steel,7209,D4,2.0,Primary Processed,0.016971376646733226,0.031017908523759862,0.01793011926880706,0.9023063636613485,0.03177423189935137,4,Manufactured Component,0.2804,False
721632,"Iron or non-alloy steel: I sections, hot-rolled, hot-drawn or extruded, of a height of 80mm or more",72,"Iron or non-alloy steel, angles, shapes and sections",Iron and steel,7216,D4,2.0,Primary Processed,0.005329494898803912,0.017622074661994377,0.026631086943217596,0.9384515778383927,0.011965765657591398,4,Manufactured Component,0.1915,False
720529,"Iron or steel, pig iron, spiegeleisen: powders (excluding alloy steel)",72,"Granules and powders, of pig iron, spiegeleisen, iron or steel",Iron and steel,7205,D4,2.0,Primary Processed,0.10422564926491325,0.06655885949851358,0.05149902718329027,0.7162286559168772,0.061487808136405704,4,Manufactured Component,0.6085,False
721699,"Iron or non-alloy steel: angles, shapes and sections, n.e.c. in heading no. 7216",72,"Iron or non-alloy steel, angles, shapes and sections",Iron and steel,7216,D4,2.0,Primary Processed,0.013068632624358756,0.021386553259339424,0.016794834802140994,0.9256768511117772,0.023073128202383622,4,Manufactured Component,0.2274,False
721310,"Iron or non-alloy steel: bars and rods, hot-rolled, in irregularly wound coils, containing indentations, ribs, grooves or other deformations produced during the rolling process",72,"Iron or non-alloy steel; bars and rods, hot-rolled, in irregularly wound coils",Iron and steel,7213,D4,2.0,Primary Processed,0.0042654883339424965,0.00803291091856344,0.00970212976388802,0.9704868075908696,0.0075126633927364165,4,Manufactured Component,0.1074,False
721691,"Iron or non-alloy steel: angles, shapes and sections, n.e.c. in heading no. 7216, cold-formed or cold-finished, from flat-rolled products",72,"Iron or non-alloy steel, angles, shapes and sections",Iron and steel,7216,D4,2.0,Primary Processed,0.009643178558912594,0.018475294354049602,0.019666688773160468,0.9208631635569821,0.03135167475689524,4,Manufactured Component,0.2363,False
721790,"Iron or non-alloy steel: wire, n.e.c. in heading no. 7217",72,Wire of iron or non-alloy steel,Iron and steel,7217,D4,2.0,Primary Processed,0.031456179213758276,0.03744591316329137,0.028695921703519187,0.8598880575622307,0.042513928357200435,4,Manufactured Component,0.3714,False
720390,"Ferrous products: spongy ferrous products and iron having a minimum purity by weight of 99.94%, in lumps, pellets or similar forms",72,"Ferrous products obtained by direct reduction of iron ore and other spongy ferrous products, in lumps, pellets or the like; iron having a minimum purity of 99.94%, in lumps, pellets or similar forms",Iron and steel,7203,D4,2.0,Primary Processed,0.028644903752101547,0.03212456158290765,0.034468193955406685,0.8408964009188571,0.06386593979072708,4,Manufactured Component,0.4037,False
720838,"Iron or non-alloy steel: in coils, without patterns in relief, flat-rolled, of a width 600mm or more, hot-rolled, of a thickness of 3mm or more but less than 4.75mm",72,"Iron or non-alloy steel; flat-rolled products of a width of 600mm or more, hot-rolled, not clad, plated or coated",Iron and steel,7208,D4,2.0,Primary Processed,0.0066107664780159356,0.01700006348360738,0.012773087137698208,0.9372791058125517,0.026336977088126743,4,Manufactured Component,0.1955,False
720292,Ferro-alloys: ferro-vanadium,72,Ferro-alloys,Iron and steel,7202,D4,2.0,Primary Processed,0.05333913669009593,0.06605354917974003,0.07546145721954522,0.6172588078503656,0.18788704906025322,4,Manufactured Component,0.71,False
721069,"Iron or non-alloy steel: flat-rolled, width 600mm or more, plated or coated with aluminium, other than plated or coated with aluminium zinc-alloys",72,"Iron or non-alloy steel; flat-rolled products, width 600mm or more, clad, plated or coated",Iron and steel,7210,D4,2.0,Primary Processed,0.01903605221669975,0.03263293860574425,0.04457076514407717,0.8500441671336768,0.053716076899802026,4,Manufactured Component,0.3858,False
720441,"Ferrous waste and scrap: turnings, shavings, chips, milling waste, sawdust, fillings, trimmings and stampings, whether or not in bundles",72,Ferrous waste and scrap; remelting scrap ingots of iron or steel,Iron and steel,7204,D4,2.0,Primary Processed,0.22405401051446874,0.12364280399999052,0.043492633364545806,0.550934236566293,0.05787631555470195,4,Manufactured Component,0.7601,False
720690,Iron or non-alloy steel: primary forms (excluding ingots and iron of heading no. 7203),72,Iron and non-alloy steel in ingots or other primary forms (excluding iron of heading no. 7203),Iron and steel,7206,D4,2.0,Primary Processed,0.03342021616764286,0.038248848027553975,0.032230671375130596,0.8585987059079159,0.037501558521756684,4,Manufactured Component,0.3748,False
722211,"Steel, stainless: bars and rods, hot-rolled, hot-drawn or extruded, of circular cross-section",72,"Stainless steel bars and rods, angles, shapes and sections",Iron and steel,7222,D4,2.0,Primary Processed,0.012433838648426648,0.04584674768807118,0.031737795986843044,0.877092274889308,0.032889342787351165,4,Manufactured Component,0.331,False
720916,"Iron or non-alloy steel: in coils, flat-rolled, width 600mm or more, cold-rolled, of a thickness exceeding 1mm but less than 3mm",72,"Iron or non-alloy steel; flat-rolled products, width 600mm or more, cold-rolled (cold-reduced), not clad, plated or coated",Iron and steel,7209,D4,2.0,Primary Processed,0.006600933925572003,0.011457308734389106,0.022456792308080953,0.9372302138527164,0.022254751179241514,4,Manufactured Component,0.1957,False
722840,"Steel, alloy: bars and rods, forged",72,"Alloy steel bars, rods, shapes and sections; hollow drill bars and rods, of alloy or non-alloy steel",Iron and steel,7228,D4,2.0,Primary Processed,0.0577894232829961,0.07415091604697398,0.0722914672937969,0.7532580698072426,0.042510123568990345,4,Manufactured Component,0.5563,False
720293,Ferro-alloys: ferro-niobium,72,Ferro-alloys,Iron and steel,7202,D4,2.0,Primary Processed,0.06637628277575548,0.09088378264183129,0.06282556708416988,0.5968496114485023,0.18306475604974096,4,Manufactured Component,0.7398,False
721210,"Iron or non-alloy steel: flat-rolled, width less than 600mm, plated or coated with tin",72,"Iron or non-alloy steel; flat-rolled products, width less than 600mm, clad, plated or coated",Iron and steel,7212,D4,2.0,Primary Processed,0.017932485455042023,0.013483110564144132,0.028627110111953503,0.9224030799716137,0.01755421389724661,4,Manufactured Component,0.2345,False
720310,"Ferrous products: obtained by direct reduction of iron ore, in lumps, pellets or similar forms",72,"Ferrous products obtained by direct reduction of iron ore and other spongy ferrous products, in lumps, pellets or the like; iron having a minimum purity of 99.94%, in lumps, pellets or similar forms",Iron and steel,7203,D4,2.0,Primary Processed,0.030657189687446143,0.13672351327823426,0.054633611640572115,0.7039227819471515,0.07406290344659598,4,Manufactured Component,0.6074,False
720270,Ferro-alloys: ferro-molybdenum,72,Ferro-alloys,Iron and steel,7202,D4,2.0,Primary Processed,0.06759761565641656,0.08444392114881209,0.06294019098235876,0.6483597320673049,0.13665854014510764,4,Manufactured Component,0.6945,False
720249,"Ferro-alloys: ferro-chromium, containing by weight 4% or less of carbon",72,Ferro-alloys,Iron and steel,7202,D4,2.0,Primary Processed,0.017577559083282186,0.017596168771314785,0.02542876313307813,0.8362969911898858,0.10310051782243919,4,Manufactured Component,0.3848,False
722219,"Steel, stainless: bars and rods, hot-rolled, hot-drawn or extruded, other than of circular cross-section",72,"Stainless steel bars and rods, angles, shapes and sections",Iron and steel,7222,D4,2.0,Primary Processed,0.011517589976178053,0.08401025878643761,0.04118251451020603,0.8252962277753068,0.03799340895187152,4,Manufactured Component,0.4185,False
721190,"Iron or non-alloy steel: flat-rolled, n.e.c. in heading no. 7211, width less than 600mm",72,"Iron or non-alloy steel; flat-rolled products, width less than 600mm, not clad, plated or coated",Iron and steel,7211,D4,2.0,Primary Processed,0.009417498035321378,0.013865294645159697,0.017591358132217728,0.9389632825208647,0.020162566666436538,4,Manufactured Component,0.194,False
722240,"Steel, stainless: angles, shapes and sections",72,"Stainless steel bars and rods, angles, shapes and sections",Iron and steel,7222,D4,2.0,Primary Processed,0.0745339313556706,0.16465426858772136,0.07040443218943154,0.6078779056081332,0.08252946225904328,4,Manufactured Component,0.7368,False
721012,"Iron or non-alloy steel: flat-rolled, width 600mm or more, plated or coated with tin, thickness of less than 0.5mm",72,"Iron or non-alloy steel; flat-rolled products, width 600mm or more, clad, plated or coated",Iron and steel,7210,D4,2.0,Primary Processed,0.011711251306930825,0.010833234818804832,0.022476563837211905,0.9382139101700889,0.01676503986696355,4,Manufactured Component,0.1956,False
730459,"Steel, alloy (not stainless steel): (excluding cold-drawn or cold-rolled), tubes, pipes and hollow profiles of circular cross-section",73,"Tubes, pipes and hollow profiles, seamless, of iron (other than cast iron) or steel",Iron or steel articles,7304,D4,3.0,Fabricated Material,0.05155781199547343,0.12405466981537658,0.027990737631399424,0.748024565057339,0.048372215500411514,4,Manufactured Component,0.544,False
730729,"Steel, stainless: tube or pipe fittings, n.e.c. in item no. 7307.2",73,"Tube or pipe fittings (e.g. couplings, elbows, sleeves), of iron or steel",Iron or steel articles,7307,D4,3.0,Fabricated Material,0.013751354375884407,0.06026307255617691,0.03539126818011556,0.8389373013139658,0.05165700357385733,4,Manufactured Component,0.4019,False
730690,"Iron or steel (excluding cast iron): tubes, pipes and hollow profiles (not seamless), n.e.c. in chapter 73",73,"Iron or steel (excluding cast iron); tubes, pipes and hollow profiles (not seamless), n.e.c. in chapter 73",Iron or steel articles,7306,D4,3.0,Fabricated Material,0.11530723450902931,0.12734072764267437,0.03846987967363683,0.6803763368978131,0.038505821276846465,4,Manufactured Component,0.6364,False
731589,"Chain: n.e.c. in heading no. 7315, of iron or steel",73,"Chain and parts thereof, of iron or steel",Iron or steel articles,7315,D4,3.0,Fabricated Material,0.03888307135194594,0.10072425522345813,0.03653571400818018,0.7676125021356156,0.05624445728080016,4,Manufactured Component,0.5239,False
731010,"Tanks, casks, drums, cans, boxes and similar containers, for any material (excluding compressed or liquefied gas), 50l or more capacity but not exceeding 300l",73,"Tanks, casks, drums, cans, boxes and similar containers, for any material (excluding compressed or liquefied gas), of iron or steel, capacity not exceeding 300l, whether or not lined or heat-insulated",Iron or steel articles,7310,D4,3.0,Fabricated Material,0.08652385517635618,0.15959579109242092,0.1767932663141176,0.3017554052566455,0.2753316821604598,4,Manufactured Component,0.9492,False
731824,Iron or steel: non-threaded cotters and cotter-pins,73,"Screws, bolts, nuts, coach screws, screw hooks, rivets, cotters, cotter-pins, washers (including spring washers) and similar articles, of iron or steel",Iron or steel articles,7318,D4,3.0,Fabricated Material,0.10933591140303246,0.2003801263769683,0.06733033630508052,0.5737963169195719,0.049157308995346864,4,Manufactured Component,0.7534,False
731100,"Containers for compressed or liquefied gas, of iron or steel",73,"Containers for compressed or liquefied gas, of iron or steel",Iron or steel articles,7311,D4,3.0,Fabricated Material,0.025376457626460278,0.07148557874751993,0.11058523464729922,0.6807435725601629,0.11180915641855763,4,Manufactured Component,0.6413,False
732620,Iron or steel: wire articles,73,"Iron or steel; articles, n.e.c. in chapter 73",Iron or steel articles,7326,D4,3.0,Fabricated Material,0.08476719942117333,0.2400220912693285,0.07652976306878206,0.5306756456891026,0.06800530055161341,4,Manufactured Component,0.7875,False
732619,"Iron or steel: articles n.e.c. in item no. 7326.11, forged or stamped, but not further worked",73,"Iron or steel; articles, n.e.c. in chapter 73",Iron or steel articles,7326,D4,3.0,Fabricated Material,0.3132937342972548,0.03511753779709681,0.008473999111628135,0.6177346884736562,0.02538004032036406,4,Manufactured Component,0.5669,False
730240,"Iron or steel, railway or tramway track construction material: fish-plates and sole plates",73,"Railway or tramway track constructions of iron or steel; rails, check and track rails, switch blades, crossing frogs, point rods, sleepers, fish-plates, chair wedges, sole plates, bedplates, ties and the like",Iron or steel articles,7302,D4,3.0,Fabricated Material,0.03515195659952096,0.03545156678116013,0.013915663777670976,0.8966298223399558,0.018850990501692092,4,Manufactured Component,0.2909,False
730611,"Steel: stainless: line pipe of a kind used for oil or gas pipelines n.e.c. in chapter 73, welded, (not seamless)",73,"Iron or steel (excluding cast iron); tubes, pipes and hollow profiles (not seamless), n.e.c. in chapter 73",Iron or steel articles,7306,D4,3.0,Fabricated Material,0.00798871335805484,0.010130869745562938,0.01625656084421985,0.9579022734717011,0.007721582580461314,4,Manufactured Component,0.1434,False
732182,"Domestic appliances: non-electric, (other than cookers and plate warmers), for liquid fuel, of iron or steel",73,"Stoves, ranges, grates, cookers (those with subsidiary boilers for central heating), barbecues, braziers, gas-rings, plate warmers and similar non-electric domestic appliances and parts, of iron or steel",Iron or steel articles,7321,D4,3.0,Fabricated Material,0.043903135708148376,0.05993004508759541,0.07213327576866117,0.7475315455047925,0.07650199793080253,4,Manufactured Component,0.5652,False
730792,"Iron or steel: tube or pipe fittings, threaded elbows, bends and sleeves, other than stainless steel",73,"Tube or pipe fittings (e.g. couplings, elbows, sleeves), of iron or steel",Iron or steel articles,7307,D4,3.0,Fabricated Material,0.025338270783258836,0.03692493091402807,0.03669937204459925,0.8746009771845907,0.02643644907352313,4,Manufactured Component,0.3414,False
732020,Iron or steel: helical springs and leaves for springs,73,"Springs and leaves for springs, of iron or steel",Iron or steel articles,7320,D4,3.0,Fabricated Material,0.05200255188359218,0.032271316095435716,0.06538222326096567,0.8134933538321665,0.036850554927839965,4,Manufactured Component,0.4551,False
730490,"Iron or steel (excluding cast iron): seamless, tubes, pipes and hollow profiles, seamless, n.e.c. in heading no. 7304",73,"Tubes, pipes and hollow profiles, seamless, of iron (other than cast iron) or steel",Iron or steel articles,7304,D4,3.0,Fabricated Material,0.02682760559112358,0.04108312748977799,0.04020465932900827,0.795246605548523,0.09663800204156713,4,Manufactured Component,0.4756,False
731590,"Chain: parts n.e.c. in heading no. 7315, of iron or steel",73,"Chain and parts thereof, of iron or steel",Iron or steel articles,7315,D4,3.0,Fabricated Material,0.043486788058899564,0.0801893681252493,0.03990231007519532,0.7773356292893061,0.05908590445134967,4,Manufactured Component,0.5158,False
730423,"Iron or steel (excluding cast iron or stainless steel): seamless, drill pipe, of a kind used in drilling for oil or gas",73,"Tubes, pipes and hollow profiles, seamless, of iron (other than cast iron) or steel",Iron or steel articles,7304,D4,3.0,Fabricated Material,0.0193001034032565,0.03108150174187312,0.034112610304124026,0.8506441211399897,0.0648616634107567,4,Manufactured Component,0.3817,False
732181,"Domestic appliances: non-electric, (other than cookers and plate warmers), for gas fuel or for both gas and other fuels, of iron or steel",73,"Stoves, ranges, grates, cookers (those with subsidiary boilers for central heating), barbecues, braziers, gas-rings, plate warmers and similar non-electric domestic appliances and parts, of iron or steel",Iron or steel articles,7321,D4,3.0,Fabricated Material,0.030302006412647593,0.04850285446081846,0.0751653007213179,0.7620752368635472,0.08395460154166891,4,Manufactured Component,0.5358,False
730424,"Steel, stainless: seamless, casing and tubing, of a kind used in drilling for oil or gas",73,"Tubes, pipes and hollow profiles, seamless, of iron (other than cast iron) or steel",Iron or steel articles,7304,D4,3.0,Fabricated Material,0.01836582767041265,0.03370229780609969,0.07075542706185371,0.7776272617747673,0.0995491856868667,4,Manufactured Component,0.4973,False
732410,"Steel: sinks and wash basins, of stainless steel",73,"Sanitary ware and parts thereof, of iron or steel",Iron or steel articles,7324,D4,3.0,Fabricated Material,0.058984766546920565,0.14460871844349954,0.101258551678461,0.6133087163174764,0.08183924701364251,4,Manufactured Component,0.7351,False
730810,"Iron or steel: structures and parts thereof, bridges and bridge-sections",73,"Structures of iron or steel and parts thereof; plates, rods, angles, shapes, sections, tubes and the like, prepared for use in structures",Iron or steel articles,7308,D4,3.0,Fabricated Material,0.04388053666188713,0.11419079325134911,0.05738412897232031,0.744246176508298,0.04029836460614542,4,Manufactured Component,0.5581,False
731600,"Iron or steel: anchors, grapnels and parts thereof",73,"Anchors, grapnels and parts thereof, of iron or steel",Iron or steel articles,7316,D4,3.0,Fabricated Material,0.08511989341736118,0.17503340085881275,0.08342885753511636,0.5985610328989952,0.057856815289714536,4,Manufactured Component,0.7419,False
821195,Knives: with handles of base metal,82,"Knives; with cutting blades, serrated or not (including pruning knives), other than knives of heading no. 8208, and blades therefore","Tools, implements, cutlery, spoons and forks, of base metal; parts thereof, of base metal",8211,D4,4.0,Manufactured Component,0.0593682354202472,0.03526419629191548,0.04347509712641661,0.7980364830106448,0.06385598815077592,4,Manufactured Component,0.4832,True
821420,Manicure or pedicure sets and instruments: (including nail files),82,"Cutlery; other articles, (e.g. hair clippers, butchers' or kitchen cleavers, choppers and mincing knives, paper knives), manicure or pedicure sets and instruments (including nail files)","Tools, implements, cutlery, spoons and forks, of base metal; parts thereof, of base metal",8214,D4,4.0,Manufactured Component,0.10606527802639952,0.17280627069501298,0.20917780142327255,0.11978917359363318,0.39216147626168174,5,Assembled/Finished,0.9257,False
820110,"Tools, hand: spades and shovels",82,"Tools, hand; spades, shovels, mattocks, picks, hoes, forks, rakes; axes, bill hooks etc; secateurs and pruners of any kind; scythes, sickles, hay knives, hedge shears, timber wedges and other tools used in agriculture, horticulture, forestry","Tools, implements, cutlery, spoons and forks, of base metal; parts thereof, of base metal",8201,D4,4.0,Manufactured Component,0.26589895681509895,0.2412227667015744,0.113356231104535,0.20875730709210893,0.17076473828668273,1,Raw/Unprocessed,0.9761,False
820890,"Tools: knives and cutting blades, for machines or mechanical appliances, n.e.c. in heading no. 8208",82,"Knives and cutting blades, for machines or for mechanical appliances","Tools, implements, cutlery, spoons and forks, of base metal; parts thereof, of base metal",8208,D4,4.0,Manufactured Component,0.022784285671716288,0.04673551482587149,0.039191172256901344,0.8251439486657074,0.06614507857980353,4,Manufactured Component,0.4315,True
820190,"Tools, hand: forks, scythes, sickles, hay knives, timber wedges, and other hand tools of a kind used in agriculture, horticulture or forestry n.e.c. in heading 8201",82,"Tools, hand; spades, shovels, mattocks, picks, hoes, forks, rakes; axes, bill hooks etc; secateurs and pruners of any kind; scythes, sickles, hay knives, hedge shears, timber wedges and other tools used in agriculture, horticulture, forestry","Tools, implements, cutlery, spoons and forks, of base metal; parts thereof, of base metal",8201,D4,4.0,Manufactured Component,0.0824176134480248,0.22169861359138887,0.09600057423119054,0.23887706092574157,0.3610061378036542,5,Assembled/Finished,0.9162,False
820760,"Tools, interchangeable: (for machine or hand tools, whether or not power-operated), for boring or broaching",82,"Tools, interchangeable; for hand tools, whether or not power-operated, or for machine tools (pressing, stamping, punching, drilling etc), including dies for drawing or extruding metal, and rock drilling or earth boring tools","Tools, implements, cutlery, spoons and forks, of base metal; parts thereof, of base metal",8207,D4,4.0,Manufactured Component,0.03359665846812198,0.3090660687188085,0.13695149633852752,0.06933145483327861,0.4510543216412634,5,Assembled/Finished,0.8036,False
820340,"Tools, hand: pipe-cutters, bolt croppers, perforating punches and similar tools",82,"Tools, hand; files, rasps, pliers (including cutting pliers), pincers, tweezers, metal cutting shears, pipe cutters, bolt croppers, perforating punches and similar","Tools, implements, cutlery, spoons and forks, of base metal; parts thereof, of base metal",8203,D4,4.0,Manufactured Component,0.11201959598020622,0.12462570239695081,0.15951580942759344,0.4045316188514616,0.19930727334378795,4,Manufactured Component,0.9228,True
820299,"Tools, hand: saw blades n.e.c. in heading no. 8202",82,"Tools, hand; saws and blades for saws of all kinds (including slitting, slotting or toothless saw blades)","Tools, implements, cutlery, spoons and forks, of base metal; parts thereof, of base metal",8202,D4,4.0,Manufactured Component,0.049114733751435824,0.09969199411685767,0.060383077485922435,0.711145338747109,0.07966485589867511,4,Manufactured Component,0.6159,True
820559,"Tools, hand: other hand tools (including glaziers diamonds), excluding household tools, drilling, threading or tapping tools, hammers and sledge hammers, planes, chisels, gouges and similar cutting tools for working wood, and screwdrivers",82,"Tools, hand; (including glaziers' diamonds) n.e.c.; blow lamps; vices, clamps etc, other than accessories for and parts of, machine-tools or water-jet cutting machines; anvils; portable forges; hand or pedal operated grinding wheels with frameworks","Tools, implements, cutlery, spoons and forks, of base metal; parts thereof, of base metal",8205,D4,4.0,Manufactured Component,0.058887843046685054,0.05129219543921695,0.11031126929555676,0.7049423306585089,0.07456636156003232,4,Manufactured Component,0.6228,True
821520,"Cutlery: sets of assorted articles (e.g. spoons, forks, ladles, skimmers, cake-servers, fish-knives, butter knives, sugar tongs and similar), not plated with precious metal",82,"Cutlery; spoons, forks, ladles, skimmers, cake-servers, fish-knives, butter knives, sugar tongs and similar kitchen or tableware","Tools, implements, cutlery, spoons and forks, of base metal; parts thereof, of base metal",8215,D4,4.0,Manufactured Component,0.15205476158490142,0.10298767740362065,0.1686122155375038,0.20718319814913883,0.3691621473248353,5,Assembled/Finished,0.9411,False
821300,"Scissors: tailors' shears, similar shears and blades therefore",82,"Scissors; tailors' shears and similar shears, and blades therefore","Tools, implements, cutlery, spoons and forks, of base metal; parts thereof, of base metal",8213,D4,4.0,Manufactured Component,0.11311305904233018,0.06572367593695023,0.14347352835770472,0.46362891231032005,0.21406082435269483,4,Manufactured Component,0.8639,True
740710,"Copper: bars, rods and profiles, of refined copper",74,"Copper; bars, rods and profiles",Copper and articles thereof,7407,D4,2.0,Primary Processed,0.04069948196411133,0.07791116088628769,0.10576345771551132,0.6246866583824158,0.1509392410516739,4,Manufactured Component,0.7121,False
741300,"Copper: stranded wire, cables, plaited bands and the like, not electrically insulated",74,"Copper; stranded wire, cables, plaited bands and the like, not electrically insulated",Copper and articles thereof,7413,D4,2.0,Primary Processed,0.03674226551472224,0.1574107823306348,0.048710185036413306,0.7382360545534704,0.018900712564759257,4,Manufactured Component,0.5335,False
741012,"Copper: foil, not backed, of a thickness not exceeding 0.15mm, of copper alloys",74,"Copper foil (whether or not printed or backed with paper, paperboard, plastics or similar backing materials) of a thickness (excluding any backing) not exceeding 0.15mm",Copper and articles thereof,7410,D4,2.0,Primary Processed,0.06428219617464379,0.06027132869777563,0.05133932275099019,0.761974482311848,0.06213267006474249,4,Manufactured Component,0.5455,False
741810,"Copper: table, kitchen or other household articles and parts thereof: pot scourers and scouring or polishing pads, gloves and the like",74,"Copper; table, kitchen or other household articles and parts thereof; pot scourers, scouring, polishing pads, gloves and the like; sanitary ware and parts thereof",Copper and articles thereof,7418,D4,2.0,Primary Processed,0.03537229985801037,0.043402655208606984,0.019897372457076443,0.8799165300986045,0.021411142377701697,4,Manufactured Component,0.3276,False
740819,"Copper: wire, of refined copper, of which the maximum cross-sectional dimension is 6mm or less",74,Copper wire,Copper and articles thereof,7408,D4,2.0,Primary Processed,0.018078172646754133,0.025770446381607824,0.04798143747442006,0.7682274608620534,0.13994248263516457,4,Manufactured Component,0.491,False
741991,"Copper: cast, moulded, stamped or forged, but not further worked",74,Copper; articles thereof n.e.c. in chapter 74,Copper and articles thereof,7419,D4,2.0,Primary Processed,0.4180917449632506,0.030438540560078883,0.009675219673058427,0.5072281370074081,0.03456635779620401,4,Manufactured Component,0.6067,False
740939,"Copper: plates and sheets, of a thickness exceeding 0.15mm, of copper-tin base alloys, not in coils",74,"Copper plates, sheets and strip; of a thickness exceeding 0.15mm",Copper and articles thereof,7409,D4,2.0,Primary Processed,0.05880336660732727,0.10983751386888284,0.03482932121070262,0.7496759668089161,0.04685383150417115,4,Manufactured Component,0.5502,False
740931,"Copper: strip, of a thickness exceeding 0.15mm, of copper-tin base alloys (bronze), in coils",74,"Copper plates, sheets and strip; of a thickness exceeding 0.15mm",Copper and articles thereof,7409,D4,2.0,Primary Processed,0.06971853000808731,0.05340008462966119,0.022007018104718484,0.824899556107786,0.02997481114974701,4,Manufactured Component,0.4288,False
741022,"Copper: foil, backed with paper, paperboard, plastics or similar backing material, of a thickness (excluding any backing) not exceeding 0.15mm, of copper alloys",74,"Copper foil (whether or not printed or backed with paper, paperboard, plastics or similar backing materials) of a thickness (excluding any backing) not exceeding 0.15mm",Copper and articles thereof,7410,D4,2.0,Primary Processed,0.03867451783829232,0.017207465581448787,0.06629885519081871,0.7936875859807547,0.08413157540868547,4,Manufactured Component,0.4767,False
810830,Titanium: waste and scrap,81,"Titanium; articles thereof, including waste and scrap","Metals; n.e.c., cermets and articles thereof",8108,D4,2.0,Primary Processed,0.1652152103574217,0.2509820777996039,0.07359509224888006,0.4349404605846141,0.07526715900948017,4,Manufactured Component,0.8657,False
811222,Chromium: waste and scrap,81,"Beryllium, chromium, hafnium, rhenium, thallium, cadmium, germanium, vanadium, gallium, indium and niobium (columbium), articles of these metals, including waste and scrap","Metals; n.e.c., cermets and articles thereof",8112,D4,2.0,Primary Processed,0.18437804027946564,0.2857819391193796,0.09854727899227672,0.3330734297458892,0.09821931186298882,4,Manufactured Component,0.9271,False
810820,"Titanium: unwrought, powders",81,"Titanium; articles thereof, including waste and scrap","Metals; n.e.c., cermets and articles thereof",8108,D4,2.0,Primary Processed,0.2239527983668983,0.24877899699822814,0.04991518668893585,0.27959003836221963,0.19776297958371802,4,Manufactured Component,0.9368,False
811252,Thallium: waste and scrap,81,"Beryllium, chromium, hafnium, rhenium, thallium, cadmium, germanium, vanadium, gallium, indium and niobium (columbium), articles of these metals, including waste and scrap","Metals; n.e.c., cermets and articles thereof",8112,D4,2.0,Primary Processed,0.22275512746706225,0.26313181927407325,0.07296614131432351,0.34406279492191094,0.09708411702263006,4,Manufactured Component,0.9136,False
810730,Cadmium: waste and scrap,81,,"Metals; n.e.c., cermets and articles thereof",8107,D4,2.0,Primary Processed,0.13106761872768402,0.262947142124176,0.08115413784980774,0.40942057967185974,0.11541052162647247,4,Manufactured Component,0.8924,False
811213,Beryllium: waste and scrap,81,"Beryllium, chromium, hafnium, rhenium, thallium, cadmium, germanium, vanadium, gallium, indium and niobium (columbium), articles of these metals, including waste and scrap","Metals; n.e.c., cermets and articles thereof",8112,D4,2.0,Primary Processed,0.21351981640278883,0.25086489880528073,0.06640098392369562,0.3922300426415364,0.07698425822669845,4,Manufactured Component,0.883,False
810330,Tantalum: waste and scrap,81,"Tantalum; articles thereof, including waste and scrap","Metals; n.e.c., cermets and articles thereof",8103,D4,2.0,Primary Processed,0.2873094975948334,0.19346365332603455,0.06612180173397064,0.38084882497787476,0.07225622236728668,4,Manufactured Component,0.8781,False
810520,"Cobalt: mattes and other intermediate products of cobalt metallurgy, unwrought cobalt, powders",81,"Cobalt; mattes and other intermediate products of cobalt metallurgy, cobalt and articles thereof, including waste and scrap","Metals; n.e.c., cermets and articles thereof",8105,D4,2.0,Primary Processed,0.3351619020513125,0.19482675630212032,0.0744834335405402,0.31536761631148197,0.08016029179454502,1,Raw/Unprocessed,0.8977,False
810199,Tungsten (wolfram): articles n.e.c. in heading no. 8101,81,"Tungsten (wolfram); articles thereof, including waste and scrap","Metals; n.e.c., cermets and articles thereof",8101,D4,2.0,Primary Processed,0.07089732553261853,0.1437097629925683,0.027962880861368083,0.6698735216212687,0.08755650899217644,4,Manufactured Component,0.6512,False
831190,"Wires, rods, tubes, plates, electrodes of base metal or metal carbides: of a kind used for soldering, brazing, welding: wires and rods for metal spraying: n.e.c. in item no. 8311",83,"Wires, rods, tubes, plates, electrodes of base metal or metal carbides; of a kind used for soldering, brazing, welding; wires and rods for metal spraying",Metal; miscellaneous products of base metal,8311,D4,4.0,Manufactured Component,0.015529256120316743,0.0250047252282882,0.03512939977608564,0.887819987981412,0.03651663089389743,4,Manufactured Component,0.3113,True
830250,"Hat-racks, hat-pegs, brackets and similar fixtures, of base metal",83,"Base metal mountings, fittings and similar articles for furniture, doors, staircases, windows, trunks, chests etc, castors with mountings of base metal, automatic door closers of base metal",Metal; miscellaneous products of base metal,8302,D4,4.0,Manufactured Component,0.06507694242837417,0.06758123168123345,0.052987790043896775,0.7402059739167456,0.07414806192975,4,Manufactured Component,0.5786,True
830810,"Hooks, eyes and eyelets: of base metal, of a kind used for clothing, footwear, awnings, handbags, travel goods or other made up articles",83,"Clasps, frames with clasps, buckles, buckle-clasps, hooks, eyes, eyelets etc for clothing & accessories, footwear, jewellery, wrist-watches, books, awnings, leather goods, travel goods, saddlery etc, tubular etc rivets, beads, spangles, of base metal",Metal; miscellaneous products of base metal,8308,D4,4.0,Manufactured Component,0.02528918716071325,0.059914018847208435,0.04730868330726645,0.8238500341328792,0.0436380765519327,4,Manufactured Component,0.4364,True
830990,"Stoppers: caps and lids, of base metal",83,"Stoppers, caps, lids (including crown corks, screw caps, pouring stoppers); capsules for bottles, threaded bungs, bung covers, seals and other packaging accessories, of base metal",Metal; miscellaneous products of base metal,8309,D4,4.0,Manufactured Component,0.07942895739206965,0.04737171246431232,0.051474337493522794,0.7612595699962148,0.06046542265388039,4,Manufactured Component,0.5441,True
830400,"Office equipment: filing cabinets, card-index cabinets, paper trays, paper rests, pen trays, office-stamp stands and similar office or desk equipment, of base metal, other than office furniture of heading no. 9403",83,"Office equipment; filing cabinets, card-index cabinets, paper trays and rests, pen trays, office-stamp stands and the like, of base metal, other than office furniture of heading no. 9403",Metal; miscellaneous products of base metal,8304,D4,4.0,Manufactured Component,0.04873756210347499,0.1682420633381144,0.16549685227505448,0.49317004174359047,0.12435348053976564,4,Manufactured Component,0.8405,True
831000,"Sign plates, name-plates, address-plates and similar plates, numbers, letters and other symbols: of base metal, excluding those of heading no. 9405",83,"Sign plates, name plates, address plates and similar plates, numbers, letters and other symbols, of base metal, excluding those of heading no. 9405",Metal; miscellaneous products of base metal,8310,D4,4.0,Manufactured Component,0.025768364376299098,0.08087253736257163,0.09928784722865805,0.7139211443311211,0.08015010670135016,4,Manufactured Component,0.6026,True
761290,"Aluminium: casks, drums, cans, boxes and the like for any material (not compressed or liquefied gas), 300l capacity or less, whether or not lined or heat-insulated, no mechanical or thermal equipment",76,"Aluminium casks, drums, cans, boxes etc (including rigid, collapsible tubular containers), for materials other than compressed, liquefied gas, 300l capacity or less, lined, heat-insulated or not",Aluminium and articles thereof,7612,D4,3.0,Fabricated Material,0.01818787624934162,0.20385253420145966,0.0885035310902404,0.6420922745794034,0.04736378387955496,4,Manufactured Component,0.6466,False
760612,"Aluminium: plates, sheets and strip, thickness exceeding 0.2mm, alloys, rectangular (including square)",76,"Aluminium; plates, sheets and strip, thickness exceeding 0.2mm",Aluminium and articles thereof,7606,D4,3.0,Fabricated Material,0.06005370244383812,0.12720265984535217,0.02780180796980858,0.7342561483383179,0.05068568140268326,4,Manufactured Component,0.5646,False
761100,"Aluminium: reservoirs, tanks, vats and similar containers, for material (not compressed or liquefied gas), of a capacity over 300l, whether or not lined, not fitted with mechanical/thermal equipment",76,"Aluminium; reservoirs, tanks, vats and the like for material (not compressed or liquefied gas) of capacity over 300l, whether or not lined, heat-insulated, not fitted with mechanical, thermal equipment",Aluminium and articles thereof,7611,D4,3.0,Fabricated Material,0.009838151943821314,0.07639588591487066,0.06818816302804924,0.8100324265634696,0.035545372549789206,4,Manufactured Component,0.4438,False
760900,"Aluminium: tube or pipe fittings (e.g. couplings, elbows, sleeves)",76,"Aluminium; tube or pipe fittings (e.g. couplings, elbows, sleeves)",Aluminium and articles thereof,7609,D4,3.0,Fabricated Material,0.023155282061477503,0.12621066853128862,0.05145945150787804,0.723185086990125,0.07598951090923085,4,Manufactured Component,0.5787,False
760692,"Aluminium: plates, sheets and strip, thickness exceeding 0.2mm, alloys, (not rectangular or square)",76,"Aluminium; plates, sheets and strip, thickness exceeding 0.2mm",Aluminium and articles thereof,7606,D4,3.0,Fabricated Material,0.027404945649484466,0.13097081334402821,0.012071948743994466,0.8083725708436902,0.02117972141880262,4,Manufactured Component,0.4174,False
761490,"Aluminium: stranded wire, cables, plaited bands and the like, (not electrically insulated), other than steel core",76,"Aluminium; stranded wire, cables, plaited bands and the like, (not electrically insulated)",Aluminium and articles thereof,7614,D4,3.0,Fabricated Material,0.02829383564971719,0.12645999545495976,0.029557280838829542,0.7855119964726718,0.030176891583821724,4,Manufactured Component,0.4733,False
750110,Nickel: nickel mattes,75,Nickel mattes; nickel oxide sinters and other intermediate products of nickel metallurgy,Nickel and articles thereof,7501,D4,2.0,Primary Processed,0.14515242821786872,0.3357114641795398,0.07009942516240067,0.35274408670913787,0.09629259573105295,4,Manufactured Component,0.8859,False
750120,Nickel: oxide sinters and other intermediate products of nickel metallurgy,75,Nickel mattes; nickel oxide sinters and other intermediate products of nickel metallurgy,Nickel and articles thereof,7501,D4,2.0,Primary Processed,0.20906420919107768,0.12347504873648141,0.1592638147096689,0.40161107773747806,0.10658584962529392,4,Manufactured Component,0.9215,False
750400,Nickel: powders and flakes,75,Nickel; powders and flakes,Nickel and articles thereof,7504,D4,2.0,Primary Processed,0.12328553107913187,0.31745406748761185,0.06756927022658832,0.41826036260828103,0.07343076859838688,4,Manufactured Component,0.8455,False
790500,"Zinc: plates, sheets, strip and foil",79,"Zinc; plates, sheets, strip and foil",Zinc and articles thereof,7905,D4,2.0,Primary Processed,0.15721304948945417,0.2274047915250777,0.06383218711364548,0.46892658574769774,0.08262338612412491,4,Manufactured Component,0.8478,False
790112,"Zinc: unwrought, (not alloyed), containing by weight less than 99.99% of zinc",79,Zinc; unwrought,Zinc and articles thereof,7901,D4,2.0,Primary Processed,0.4184936000499569,0.012934330902801681,0.026447182585816523,0.4993907171715774,0.0427341692898475,4,Manufactured Component,0.6203,False
780191,"Lead: unwrought, unrefined, containing by weight antimony as the principal other element",78,Lead; unwrought,Lead and articles thereof,7801,D4,2.0,Primary Processed,0.2919157981666293,0.035716443522123845,0.026610010689664412,0.6173285715456786,0.028429176075903815,4,Manufactured Component,0.6051,False
780419,"Lead: plates, sheets, strip and foil, of a thickness (excluding any backing) exceeding 0.2mm",78,"Lead; plates, sheets, strip and foil, lead powders and flakes",Lead and articles thereof,7804,D4,2.0,Primary Processed,0.05339844996851776,0.14614858005472608,0.04675035265740664,0.6591717723602759,0.0945308449590736,4,Manufactured Component,0.6701,False
800120,"Tin: unwrought, alloys",80,Tin; unwrought,Tin; articles thereof,8001,D4,2.0,Primary Processed,0.35080845601444327,0.18378669776638476,0.057718536387771,0.2604152070901069,0.1472711027412941,1,Raw/Unprocessed,0.917,False
800700,Tin: articles n.e.c. in chapter 80,80,Tin; articles n.e.c. in chapter 80,Tin; articles thereof,8007,D4,2.0,Primary Processed,0.06316500204179437,0.20322868379375847,0.04645655338806326,0.6182931707672266,0.06885659000915728,4,Manufactured Component,0.6974,False
845121,Drying machines: of a dry linen capacity not exceeding 10kg,84,"Machinery (not of heading no. 8450) for washing, cleaning, wringing, drying, ironing, pressing, bleaching, dyeing, dressing, finishing, coating or impregnating textile yarn, fabrics or made up articles","Machinery and mechanical appliances, boilers, nuclear reactors; parts thereof",8451,D5,4.0,Manufactured Component,0.02276246998973651,0.7355539812437333,0.03705897561657983,0.02525038463110176,0.17937418851884862,2,Primary Processed,0.519,False
848320,"Bearing housings, incorporating ball or roller bearings",84,Transmission shafts (including cam and crank) and cranks; bearing housings and plain shaft bearings; gears and gearing; ball or roller screws; gear boxes and other speed changers; flywheels and pulleys; clutches and shaft couplings,"Machinery and mechanical appliances, boilers, nuclear reactors; parts thereof",8483,D5,4.0,Manufactured Component,0.07262721102085143,0.31715808145741586,0.03781294548768781,0.16636066572563596,0.40604109630840896,5,Assembled/Finished,0.8344,False
847432,Machines: for mixing mineral substances with bitumen,84,"Machinery for sorting, screening, separating, washing, crushing, grinding, mixing or kneading earth, stone, ores in solid form, shaping, moulding machinery for solid mineral fuels","Machinery and mechanical appliances, boilers, nuclear reactors; parts thereof",8474,D5,4.0,Manufactured Component,0.018717239670583995,0.8617367939214784,0.013748537108835899,0.01669447232529184,0.08910295697380989,2,Primary Processed,0.3389,False
842612,Cranes: mobile lifting frames on tyres and straddle carriers,84,"Derricks, cranes, including cable cranes, mobile lifting frames, straddle carriers and works trucks fitted with a crane","Machinery and mechanical appliances, boilers, nuclear reactors; parts thereof",8426,D5,4.0,Manufactured Component,0.060189891020426434,0.15581066228951987,0.09015392982272438,0.13592157476731406,0.5579239421000153,5,Assembled/Finished,0.7907,False
848340,"Gears and gearing: (not toothed wheels, chain sprockets and other transmission elements presented separately): ball or roller screws: gear boxes and other speed changers, including torque converters",84,Transmission shafts (including cam and crank) and cranks; bearing housings and plain shaft bearings; gears and gearing; ball or roller screws; gear boxes and other speed changers; flywheels and pulleys; clutches and shaft couplings,"Machinery and mechanical appliances, boilers, nuclear reactors; parts thereof",8483,D5,4.0,Manufactured Component,0.03260899262259172,0.013577967578665147,0.15390999271176772,0.12532826977979533,0.6745747773071801,5,Assembled/Finished,0.6113,False
842320,Weighing machines: scales for continuous weighing of goods on conveyors,84,"Weighing machines; excluding balances of a sensitivity of 5cg or better, including weight operated counting or checking machines and weights of all kinds","Machinery and mechanical appliances, boilers, nuclear reactors; parts thereof",8423,D5,4.0,Manufactured Component,0.04091710664949517,0.11135017042233271,0.03277934098397635,0.05819707302770965,0.7567563089164862,5,Assembled/Finished,0.5366,False
843242,"Spreaders and distributors: for manure and fertilizers, for agricultural, horticultural or forestry use: fertiliser distributors",84,"Agricultural, horticultural or forestry machinery for soil preparation or cultivation; lawn or sports-ground rollers","Machinery and mechanical appliances, boilers, nuclear reactors; parts thereof",8432,D5,4.0,Manufactured Component,0.11678972992585619,0.5648449136948481,0.06718814460619728,0.027754517633992476,0.22342269413910593,2,Primary Processed,0.7389,False
848630,Machines and apparatus of a kind used solely or principally for the manufacture of flat panel displays,84,"Machines and apparatus of a kind used solely or principally for the manufacture of semiconductor boules or wafers, semiconductor devices, electronic integrated circuits or flat panel displays; machines & apparatus specified in note 11 (C) to this Chapter","Machinery and mechanical appliances, boilers, nuclear reactors; parts thereof",8486,D5,4.0,Manufactured Component,0.05572466054040248,0.14447428484490948,0.19046114172388837,0.1220494548634182,0.48729045802738147,5,Assembled/Finished,0.847,False
845521,Metal-rolling mills: hot or combination hot and cold rolling mills,84,Metal-rolling mills and rolls therefor,"Machinery and mechanical appliances, boilers, nuclear reactors; parts thereof",8455,D5,4.0,Manufactured Component,0.03128886537088332,0.5326204796764911,0.0735550583609369,0.04348609515491696,0.3190495014367718,2,Primary Processed,0.7063,False
844110,"Machines: cutting, of all kinds, for making up paper pulp, paper or paperboard",84,"Machines; for making up paper pulp, paper or paperboard, including cutting machines of all kinds","Machinery and mechanical appliances, boilers, nuclear reactors; parts thereof",8441,D5,4.0,Manufactured Component,0.061062656342983246,0.44556373357772827,0.07024604827165604,0.07401329278945923,0.3491142690181732,2,Primary Processed,0.7938,False
848410,Gaskets and similar joints: of metal sheeting combined with other material or two or more layers of metal,84,"Gaskets and similar joints of metal sheeting combined with other material or of two or more layers of metal; sets or assortments of gaskets and similar joints, dissimilar in composition, put up in pouches, envelopes or similar packings; mechanical seals","Machinery and mechanical appliances, boilers, nuclear reactors; parts thereof",8484,D5,4.0,Manufactured Component,0.09316623729223518,0.47907991180480447,0.1476026321467992,0.21171113130483152,0.06844008745132965,2,Primary Processed,0.8502,False
845969,"Machine-tools: for milling by removing metal, not knee-type, other than numerically controlled",84,"Machine-tools; (including way-type unit head machines) for drilling, boring, milling, threading or tapping by removing metal, other than lathes of heading no. 8458","Machinery and mechanical appliances, boilers, nuclear reactors; parts thereof",8459,D5,4.0,Manufactured Component,0.053122665896236945,0.4699048978899115,0.19436410256268885,0.08615401554565028,0.1964543181055124,2,Primary Processed,0.8451,False
844831,"Machines, card clothing: parts and accessories",84,"Machinery, auxiliary; for use with machines of heading no. 8444 to 8447 (e.g. dobbies, jacquards, automatic stop motions, shuttle changing mechanisms) parts, accessories for machines of heading no. 8444, 8447","Machinery and mechanical appliances, boilers, nuclear reactors; parts thereof",8448,D5,4.0,Manufactured Component,0.25437956290305963,0.31140582825524127,0.11885057035533875,0.09198562526745721,0.22337841321890314,2,Primary Processed,0.9438,False
841710,"Furnaces and ovens: non-electric, for the roasting, melting or other heat-treatment of ores, pyrites or of metals, for industrial or laboratory use",84,"Furnaces and ovens; industrial or laboratory, including incinerators, non-electric","Machinery and mechanical appliances, boilers, nuclear reactors; parts thereof",8417,D5,4.0,Manufactured Component,0.021758521664691843,0.20127456527513937,0.31318072476251485,0.03951032957374231,0.42427585872391166,5,Assembled/Finished,0.7835,False
840390,Boilers: parts of central heating boilers (excluding those of heading no. 8402),84,Central heating boilers; excluding those of heading no. 8402,"Machinery and mechanical appliances, boilers, nuclear reactors; parts thereof",8403,D5,4.0,Manufactured Component,0.20083689384130593,0.2640685501037344,0.2655708850409789,0.1815219508240863,0.08800172018989443,3,Fabricated Material,0.9629,False
845510,Metal-rolling mills: tube mills,84,Metal-rolling mills and rolls therefor,"Machinery and mechanical appliances, boilers, nuclear reactors; parts thereof",8455,D5,4.0,Manufactured Component,0.06871686952617247,0.5263010918308172,0.12912131990255402,0.053141851572042535,0.22271886716841385,2,Primary Processed,0.7932,False
841583,"Air conditioning machines: containing a motor driven fan, other than window or wall types, not incorporating a refrigerating unit",84,"Air conditioning machines; comprising a motor driven fan and elements for changing the temperature and humidity, including those machines in which the humidity cannot be separately regulated","Machinery and mechanical appliances, boilers, nuclear reactors; parts thereof",8415,D5,4.0,Manufactured Component,0.03739749015186165,0.007501170929675091,0.8252453842849561,0.013535255583649474,0.11632069904985774,3,Fabricated Material,0.3893,False
840890,"Engines: compression-ignition internal combustion piston engines (diesel or semi-diesel engines), of a kind used for other than marine propulsion or the vehicles of chapter 87",84,Compression-ignition internal combustion piston engines (diesel or semi-diesel engines),"Machinery and mechanical appliances, boilers, nuclear reactors; parts thereof",8408,D5,4.0,Manufactured Component,0.03912430483384785,0.32952450478358175,0.05098272297595728,0.41356857070443886,0.1667998967021742,4,Manufactured Component,0.8129,True
843039,Coal or rock cutters and tunnelling machinery: not self-propelled,84,"Moving, grading, levelling, scraping, excavating, tamping, compacting, extracting or boring machinery, for earth, minerals, or ores; pile drivers and extractors; snow ploughs and snow blowers","Machinery and mechanical appliances, boilers, nuclear reactors; parts thereof",8430,D5,4.0,Manufactured Component,0.1297436334794523,0.13967945937604617,0.5597551967244655,0.1545115832414399,0.016310127178596062,3,Fabricated Material,0.7583,False
843142,Machinery parts: bulldozer or angledozer blades,84,Machinery parts; used solely or principally with the machinery of heading no. 8425 to 8430,"Machinery and mechanical appliances, boilers, nuclear reactors; parts thereof",8431,D5,4.0,Manufactured Component,0.2388845937945512,0.3396367284493176,0.07014955893827493,0.23814823798007836,0.11318088083777789,2,Primary Processed,0.9217,False
843590,"Presses, crushers and similar machinery: parts, used in the manufacture of wine, cider, fruit juices or similar beverages",84,"Presses, crushers and similar machinery; used in the manufacture of wine, cider, fruit juices or similar beverages","Machinery and mechanical appliances, boilers, nuclear reactors; parts thereof",8435,D5,4.0,Manufactured Component,0.10292377380425356,0.6040257845298896,0.19989608339907275,0.06303891574799408,0.03011544251878993,2,Primary Processed,0.7084,False
843320,Mowers: n.e.c. in item no. 8433.1 (including cutter bars for tractor mounting),84,"Harvesting and threshing machinery, straw and fodder balers, grass or hay mowers; machines for cleaning, sorting or grading eggs, fruit or other agricultural produce, other than machinery of heading no 8437","Machinery and mechanical appliances, boilers, nuclear reactors; parts thereof",8433,D5,4.0,Manufactured Component,0.17299383290824913,0.08536633549306057,0.049620969946286,0.034494837682424964,0.6575240239699793,5,Assembled/Finished,0.6552,False
844630,"Weaving machines (looms): for weaving fabrics of a width exceeding 30cm, shuttleless type",84,Weaving machines (looms),"Machinery and mechanical appliances, boilers, nuclear reactors; parts thereof",8446,D5,4.0,Manufactured Component,0.03470535935943812,0.034431986382484486,0.09486592525666235,0.0483378021108441,0.7876589268905709,5,Assembled/Finished,0.4912,False
843319,"Mowers: for lawns, parks or sports-grounds, other than with the cutting device rotating in a horizontal plane",84,"Harvesting and threshing machinery, straw and fodder balers, grass or hay mowers; machines for cleaning, sorting or grading eggs, fruit or other agricultural produce, other than machinery of heading no 8437","Machinery and mechanical appliances, boilers, nuclear reactors; parts thereof",8433,D5,4.0,Manufactured Component,0.41462777918403354,0.10609725591975104,0.25029490516908043,0.0780305003239438,0.15094955940319119,1,Raw/Unprocessed,0.8911,False
842211,Dish washing machines: of the household type,84,"Dish washing machines; machinery for cleaning, drying, filling, closing, sealing, capsuling or labelling bottles, cans, boxes, bags, etc, machinery for aerating beverages","Machinery and mechanical appliances, boilers, nuclear reactors; parts thereof",8422,D5,4.0,Manufactured Component,0.20665123596821944,0.1583166087050004,0.07018718711613446,0.047393574251378155,0.5174513939592675,5,Assembled/Finished,0.8012,False
844140,"Machines: for moulding articles, in paper pulp, paper or paperboard",84,"Machines; for making up paper pulp, paper or paperboard, including cutting machines of all kinds","Machinery and mechanical appliances, boilers, nuclear reactors; parts thereof",8441,D5,4.0,Manufactured Component,0.05557271569171391,0.39747554804152896,0.05539072780666366,0.05227253310889999,0.4392884753511935,5,Assembled/Finished,0.7476,False
841581,"Air conditioning machines: containing a motor driven fan, other than window or wall types, incorporating a refrigerating unit and a valve for reversal of the cooling/heat cycle (reversible heat pumps)",84,"Air conditioning machines; comprising a motor driven fan and elements for changing the temperature and humidity, including those machines in which the humidity cannot be separately regulated","Machinery and mechanical appliances, boilers, nuclear reactors; parts thereof",8415,D5,4.0,Manufactured Component,0.007291547165366346,0.009513639099697043,0.021764312365139423,0.02985637693385027,0.9315741244359469,5,Assembled/Finished,0.2077,False
846390,"Machine-tools: for working metal, sintered metal carbides or cermets, without removing material, n.e.c. in heading no. 8463",84,"Machine-tools; n.e.c. for working metal, sintered metal carbides or cermets without removing material","Machinery and mechanical appliances, boilers, nuclear reactors; parts thereof",8463,D5,4.0,Manufactured Component,0.05384638684872443,0.32247786392548494,0.0485081950813899,0.0434325133347599,0.5317350408096408,5,Assembled/Finished,0.709,False
845899,"Lathes: for removing metal, other than horizontal or numerically controlled lathes",84,Lathes for removing metal,"Machinery and mechanical appliances, boilers, nuclear reactors; parts thereof",8458,D5,4.0,Manufactured Component,0.24223379790782928,0.1856028139591217,0.06295269727706909,0.16417767107486725,0.34503301978111267,5,Assembled/Finished,0.9282,False
845490,"Machines: parts of converters, ladles, ingot moulds and casting machines, of a kind used in metallurgy or in metal foundries",84,"Converters, ladles, ingot moulds and casting machines; of a kind used metallurgy or in metal foundries","Machinery and mechanical appliances, boilers, nuclear reactors; parts thereof",8454,D5,4.0,Manufactured Component,0.015225798903454156,0.9282572942828409,0.027112340902220033,0.022599246952724812,0.006805318958760111,2,Primary Processed,0.2176,False
843999,Machinery: parts of machinery for making or finishing paper or paperboard,84,"Machinery; for making pulp of fibrous cellulosic material, or for making or finishing paper or paperboard","Machinery and mechanical appliances, boilers, nuclear reactors; parts thereof",8439,D5,4.0,Manufactured Component,0.11579052303972978,0.5140941449459877,0.11977475105373568,0.18133489378302656,0.06900568717752023,2,Primary Processed,0.8326,False
845620,"Machine-tools: for working any material by removal of material, operated by ultrasonic processes",84,"Machine-tools; for working any material by removal of material, by laser or other light or photon beam, ultrasonic, electro-discharge, electro-chemical, electron beam, ionic-beam, or plasma arc processes; water-jet cutting machines","Machinery and mechanical appliances, boilers, nuclear reactors; parts thereof",8456,D5,4.0,Manufactured Component,0.13175751047987938,0.18106408113692565,0.03049171106065549,0.09678600566261625,0.5599006916599232,5,Assembled/Finished,0.7665,False
842441,Mechanical appliances: agricultural or horticultural sprayers: portable sprayers,84,"Mechanical appliances for projecting, dispersing or spraying liquids or powders; fire extinguishers, spray guns, steam, sand blasting machines","Machinery and mechanical appliances, boilers, nuclear reactors; parts thereof",8424,D5,4.0,Manufactured Component,0.06440432946819698,0.12264723755966625,0.1884455631706158,0.05109493673717768,0.5734079330643433,5,Assembled/Finished,0.7576,False
840310,Boilers: central heating boilers (excluding those of heading no. 8402),84,Central heating boilers; excluding those of heading no. 8402,"Machinery and mechanical appliances, boilers, nuclear reactors; parts thereof",8403,D5,4.0,Manufactured Component,0.15694108605384827,0.2813754379749298,0.18548767268657684,0.08638326823711395,0.28981253504753113,5,Assembled/Finished,0.9509,False
841480,"Pumps and compressors: for air, vacuum or gas, n.e.c. in heading no. 8414",84,"Air or vacuum pumps, air or other gas compressors and fans; ventilating or recycling hoods incorporating a fan; gas-tight biological safety cabinets whether or not fitted with filters","Machinery and mechanical appliances, boilers, nuclear reactors; parts thereof",8414,D5,4.0,Manufactured Component,0.06079165446137352,0.23263823189253305,0.06899922546742038,0.04300530010477603,0.594565588073897,5,Assembled/Finished,0.7073,False
846693,Parts & accessories suited for use solely/principally with machines of headings 8456-8465: n.e.c. in heading no. 8466,84,"Parts & accessories suited for use only/mainly with machines of headings 8456-8465, including work/tool holders, self-opening dieheads, dividing heads & other special attachments for the machines; tool holders for any type of tool for working in the hand","Machinery and mechanical appliances, boilers, nuclear reactors; parts thereof",8466,D5,4.0,Manufactured Component,0.07397429589946347,0.14073629572438973,0.12482447084170228,0.2674197832687215,0.39304515426572295,5,Assembled/Finished,0.8997,False
848140,"Valves: safety or relief valves, for pipes, boiler shells, tanks, vats or the like",84,"Taps, cocks, valves and similar appliances for pipes, boiler shells, tanks, vats or the like, including pressure-reducing valves and thermostatically controlled valves","Machinery and mechanical appliances, boilers, nuclear reactors; parts thereof",8481,D5,4.0,Manufactured Component,0.07164033609092736,0.5942415087557064,0.0857335192819464,0.0698695565740698,0.17851507929735003,2,Primary Processed,0.747,False
843629,Poultry-keeping machinery: other than incubators and brooders,84,"Agricultural, horticultural, forestry, poultry-keeping, bee-keeping machinery; including germination plant fitted with mechanical or thermal equipment; poultry incubators and brooders","Machinery and mechanical appliances, boilers, nuclear reactors; parts thereof",8436,D5,4.0,Manufactured Component,0.39361598501181627,0.19487592287546512,0.12097499339319776,0.0714273069586261,0.21910579176089479,1,Raw/Unprocessed,0.9086,False
841490,"Pumps and compressors: parts, of air or vacuum pumps, air or other gas compressors and fans, ventilating or recycling hoods incorporating a fan",84,"Air or vacuum pumps, air or other gas compressors and fans; ventilating or recycling hoods incorporating a fan; gas-tight biological safety cabinets whether or not fitted with filters","Machinery and mechanical appliances, boilers, nuclear reactors; parts thereof",8414,D5,4.0,Manufactured Component,0.12372241077033869,0.4028010636359374,0.12053170710405925,0.2386769187548986,0.11426789973476603,2,Primary Processed,0.9131,False
842940,Tamping machines and road rollers: self-propelled,84,"Bulldozers, graders, levellers, scrapers, angledozers, mechanical shovels, excavators, shovel loaders, tamping machines and road rollers, self-propelled","Machinery and mechanical appliances, boilers, nuclear reactors; parts thereof",8429,D5,4.0,Manufactured Component,0.03953951405728726,0.10706134367064585,0.04574573190996604,0.0406783426969556,0.7669750676651452,5,Assembled/Finished,0.523,False
846719,"Tools: for working in the hand, pneumatic, other than rotary type",84,"Tools; for working in the hand, pneumatic, hydraulic or with self-contained electric or non-electric motor","Machinery and mechanical appliances, boilers, nuclear reactors; parts thereof",8467,D5,4.0,Manufactured Component,0.06724463854135385,0.15152999284692062,0.19032150293062275,0.07613141600178737,0.5147724496793155,5,Assembled/Finished,0.8208,False
841440,Compressors: air compressors mounted on a wheeled chassis for towing,84,"Air or vacuum pumps, air or other gas compressors and fans; ventilating or recycling hoods incorporating a fan; gas-tight biological safety cabinets whether or not fitted with filters","Machinery and mechanical appliances, boilers, nuclear reactors; parts thereof",8414,D5,4.0,Manufactured Component,0.1235423936120274,0.4664513891022135,0.08376484052222816,0.09416140265161534,0.2320799741119156,2,Primary Processed,0.8595,False
842620,Cranes: tower cranes,84,"Derricks, cranes, including cable cranes, mobile lifting frames, straddle carriers and works trucks fitted with a crane","Machinery and mechanical appliances, boilers, nuclear reactors; parts thereof",8426,D5,4.0,Manufactured Component,0.10574224276118747,0.17845019166319992,0.11958905698093603,0.10146054323135187,0.4947579653633247,5,Assembled/Finished,0.8571,False
841320,"Pumps: hand, fitted or designed to be fitted with a measuring device, for liquids, other than those of item no. 8413.11 or 8413.19",84,"Pumps; for liquids, whether or not fitted with measuring device, liquid elevators","Machinery and mechanical appliances, boilers, nuclear reactors; parts thereof",8413,D5,4.0,Manufactured Component,0.11380096948895489,0.18632956543302406,0.3184075176122605,0.2973683587226405,0.08409358874312,3,Fabricated Material,0.9281,False
853329,"Electrical resistors: fixed, for a power handling capacity exceeding 20W (including rheostats and potentiometers but excluding heating resistors and carbon resistors)",85,"Electrical resistors (including rheostats and potentiometers), excluding heating resistors","Electrical machinery and equipment and parts thereof; sound recorders and reproducers; television image and sound recorders and reproducers, parts and accessories of such articles",8533,D5,4.0,Manufactured Component,0.04881300213981428,0.0638391622841046,0.3104634400629789,0.16844611497395168,0.40843828053915054,5,Assembled/Finished,0.84,False
851830,"Headphones and earphones, whether or not combined with a microphone, and sets consisting of a microphone and one or more loudspeakers",85,"Microphones and their stands; loudspeakers, mounted or not in their enclosures; headphones and earphones, combined or not with a microphone, and sets of a microphone and one or more loudspeakers; audio-frequency and electric sound amplifiers and sets","Electrical machinery and equipment and parts thereof; sound recorders and reproducers; television image and sound recorders and reproducers, parts and accessories of such articles",8518,D5,4.0,Manufactured Component,0.1281261516734271,0.16440357778051032,0.14523710934894626,0.11670399506664306,0.4455291661304733,5,Assembled/Finished,0.9017,False
851640,Smoothing irons: electric,85,"Electric water, space, soil heaters; electro-thermic hair-dressing apparatus; hand dryers, irons; electro-thermic appliances for domestic purposes; electro heating resistors, not of heading no. 8545","Electrical machinery and equipment and parts thereof; sound recorders and reproducers; television image and sound recorders and reproducers, parts and accessories of such articles",8516,D5,4.0,Manufactured Component,0.04209388310217417,0.6070094546337941,0.05658303053646828,0.036164193402419414,0.2581494383251441,2,Primary Processed,0.6639,False
850422,"Electrical transformers: liquid dielectric, having a power handling capacity exceeding 650kVA but not exceeding 10,000kVA",85,"Electric transformers, static converters (e.g. rectifiers) and inductors","Electrical machinery and equipment and parts thereof; sound recorders and reproducers; television image and sound recorders and reproducers, parts and accessories of such articles",8504,D5,4.0,Manufactured Component,0.05466272871209473,0.5152029818414642,0.20453120082325932,0.08323532808900642,0.14236776053417532,2,Primary Processed,0.8137,False
850153,"Electric motors: AC motors, multi-phase, of an output exceeding 75kW",85,Electric motors and generators (excluding generating sets),"Electrical machinery and equipment and parts thereof; sound recorders and reproducers; television image and sound recorders and reproducers, parts and accessories of such articles",8501,D5,4.0,Manufactured Component,0.09275738011662095,0.08736049253701429,0.12623809089901908,0.16896384702676762,0.524680189420578,5,Assembled/Finished,0.8286,False
852610,Radar apparatus,85,"Radar apparatus, radio navigational aid apparatus and radio remote control apparatus","Electrical machinery and equipment and parts thereof; sound recorders and reproducers; television image and sound recorders and reproducers, parts and accessories of such articles",8526,D5,4.0,Manufactured Component,0.14543429748684106,0.3860187627216329,0.06256860913350981,0.07462548820392477,0.33135284245409147,2,Primary Processed,0.858,False
854520,"Carbon brushes: with or without metal, used for electrical purposes",85,"Carbon electrodes, carbon brushes, lamp carbons, battery carbons and other articles of graphite or other carbon; with or without metal, of a kind used for electrical purposes","Electrical machinery and equipment and parts thereof; sound recorders and reproducers; television image and sound recorders and reproducers, parts and accessories of such articles",8545,D5,4.0,Manufactured Component,0.0879372076678501,0.6158821697511183,0.054349252103813965,0.04193513546018182,0.1998962350170358,2,Primary Processed,0.6993,False
850720,"Electric accumulators: lead-acid, (other than for starting piston engines), including separators, whether or not rectangular (including square)",85,"Electric accumulators, including separators therefor; whether or not rectangular (including square)","Electrical machinery and equipment and parts thereof; sound recorders and reproducers; television image and sound recorders and reproducers, parts and accessories of such articles",8507,D5,4.0,Manufactured Component,0.05466079671188595,0.25844377086726,0.13862933115192255,0.06482141416652937,0.48344468710240207,5,Assembled/Finished,0.8147,False
853510,"Electrical apparatus: fuses, for a voltage exceeding 1000 volts",85,"Electrical apparatus for switching, protecting electrical circuits, for making connections to or in electrical circuits; for a voltage exceeding 1000 volts","Electrical machinery and equipment and parts thereof; sound recorders and reproducers; television image and sound recorders and reproducers, parts and accessories of such articles",8535,D5,4.0,Manufactured Component,0.11654548484222298,0.1362127292641319,0.14980002456456296,0.3038617810082997,0.2935799803207825,4,Manufactured Component,0.9495,True
852190,Video recording or reproducing apparatus: other than magnetic tape-type,85,Video recording or reproducing apparatus,"Electrical machinery and equipment and parts thereof; sound recorders and reproducers; television image and sound recorders and reproducers, parts and accessories of such articles",8521,D5,4.0,Manufactured Component,0.07191874778331259,0.07839997054338477,0.35492011640280396,0.12126850991496063,0.373492655355538,5,Assembled/Finished,0.8576,False
854610,Electrical insulators: of glass,85,Electrical insulators of any material,"Electrical machinery and equipment and parts thereof; sound recorders and reproducers; television image and sound recorders and reproducers, parts and accessories of such articles",8546,D5,4.0,Manufactured Component,0.23515961845256744,0.45528474026094434,0.1461043493253705,0.028137230983588557,0.13531406097752915,2,Primary Processed,0.8393,False
853225,"Electrical capacitors: fixed, dielectric of paper or plastics",85,"Electrical capacitors; fixed, variable or adjustable (pre-set)","Electrical machinery and equipment and parts thereof; sound recorders and reproducers; television image and sound recorders and reproducers, parts and accessories of such articles",8532,D5,4.0,Manufactured Component,0.010648486333368646,0.9178138486403786,0.013996252959548764,0.009299244844252414,0.04824216722245158,2,Primary Processed,0.234,False
851850,Amplifier sets: electric sound,85,"Microphones and their stands; loudspeakers, mounted or not in their enclosures; headphones and earphones, combined or not with a microphone, and sets of a microphone and one or more loudspeakers; audio-frequency and electric sound amplifiers and sets","Electrical machinery and equipment and parts thereof; sound recorders and reproducers; television image and sound recorders and reproducers, parts and accessories of such articles",8518,D5,4.0,Manufactured Component,0.048570391695394954,0.32688949120956456,0.07220972463879222,0.07736522848466837,0.4749651639715799,5,Assembled/Finished,0.779,False
851240,"Windscreen wipers, defrosters and demisters: electrical, of kinds used for cycles or motor vehicles",85,"Lighting or visual signalling equipment (excluding articles of heading no. 8539), windscreen wipers, defrosters and demisters; electrical, of a kind used for cycles or motor vehicles","Electrical machinery and equipment and parts thereof; sound recorders and reproducers; television image and sound recorders and reproducers, parts and accessories of such articles",8512,D5,4.0,Manufactured Component,0.03229139300529525,0.1594613009811647,0.09422880200530286,0.05050152054798185,0.6635169834602553,5,Assembled/Finished,0.6519,False
853939,"Lamps: discharge, (excluding ultra-violet, excluding fluorescent, hot cathode)",85,"Lamps; electric filament or discharge lamps, including sealed beam lamp units and ultra-violet or infra-red lamps, arc lamps, light-emitting diode (LED) light sources","Electrical machinery and equipment and parts thereof; sound recorders and reproducers; television image and sound recorders and reproducers, parts and accessories of such articles",8539,D5,4.0,Manufactured Component,0.1963571280783843,0.3092585755995128,0.15977635741567078,0.06482429705822025,0.26978364184821185,2,Primary Processed,0.936,False
854129,"Electrical apparatus: transistors, (other than photosensitive), with a dissipation rate of 1W or more",85,"Semiconductor devices (e.g. diodes, transistors, semiconductor based transducers); including photovoltaic cells assembled or not in modules or panels, light-emitting diodes (LED) assembled with other LEDs or not, mounted piezo-electric crystals","Electrical machinery and equipment and parts thereof; sound recorders and reproducers; television image and sound recorders and reproducers, parts and accessories of such articles",8541,D5,4.0,Manufactured Component,0.05391301114274168,0.058730277070211674,0.13450127589513966,0.3684509923970142,0.3844044434948928,5,Assembled/Finished,0.8259,False
853230,Electrical capacitors: variable or adjustable (pre-set) capacitors,85,"Electrical capacitors; fixed, variable or adjustable (pre-set)","Electrical machinery and equipment and parts thereof; sound recorders and reproducers; television image and sound recorders and reproducers, parts and accessories of such articles",8532,D5,4.0,Manufactured Component,0.08367991385102336,0.11005049861929939,0.09460008818954163,0.28628790165269447,0.4253815976874411,5,Assembled/Finished,0.8669,False
853650,"Electrical apparatus: switches n.e.c. in heading no. 8536, for a voltage not exceeding 1000 volts",85,"Electrical apparatus for switching, protecting electrical circuits, for making connections to or in electrical circuits, for a voltage not exceeding 1000 volts; connectors for optical fibres, optical fibre bundles or cables","Electrical machinery and equipment and parts thereof; sound recorders and reproducers; television image and sound recorders and reproducers, parts and accessories of such articles",8536,D5,4.0,Manufactured Component,0.03222518390249324,0.2589063923142374,0.1376775939935625,0.09907808826060527,0.47211274152910154,5,Assembled/Finished,0.8183,False
851890,"Microphones, headphones, earphones, amplifier equipment: parts of the equipment of heading no. 8518",85,"Microphones and their stands; loudspeakers, mounted or not in their enclosures; headphones and earphones, combined or not with a microphone, and sets of a microphone and one or more loudspeakers; audio-frequency and electric sound amplifiers and sets","Electrical machinery and equipment and parts thereof; sound recorders and reproducers; television image and sound recorders and reproducers, parts and accessories of such articles",8518,D5,4.0,Manufactured Component,0.2158824572010913,0.26379643888039744,0.21196442052854522,0.11809662289557521,0.19026006049439087,2,Primary Processed,0.9813,False
851822,"Loudspeakers: multiple, mounted in the same enclosure",85,"Microphones and their stands; loudspeakers, mounted or not in their enclosures; headphones and earphones, combined or not with a microphone, and sets of a microphone and one or more loudspeakers; audio-frequency and electric sound amplifiers and sets","Electrical machinery and equipment and parts thereof; sound recorders and reproducers; television image and sound recorders and reproducers, parts and accessories of such articles",8518,D5,4.0,Manufactured Component,0.047151164486571015,0.13433948948698918,0.04511034253409209,0.03289686344356802,0.7405021400487797,5,Assembled/Finished,0.5519,False
851020,Hair clippers: with a self-contained electric motor,85,"Shavers, hair clippers and hair removing appliances, with self-contained electric motor","Electrical machinery and equipment and parts thereof; sound recorders and reproducers; television image and sound recorders and reproducers, parts and accessories of such articles",8510,D5,4.0,Manufactured Component,0.10315947234630585,0.13857683539390564,0.0683864876627922,0.06252508610486984,0.6273521184921265,5,Assembled/Finished,0.7192,False
850140,"Electric motors: AC motors, single-phase",85,Electric motors and generators (excluding generating sets),"Electrical machinery and equipment and parts thereof; sound recorders and reproducers; television image and sound recorders and reproducers, parts and accessories of such articles",8501,D5,4.0,Manufactured Component,0.060861222899416256,0.23860521792326284,0.0791157340937535,0.16164332748683785,0.4597744975967295,5,Assembled/Finished,0.848,False
850440,Electrical static converters,85,"Electric transformers, static converters (e.g. rectifiers) and inductors","Electrical machinery and equipment and parts thereof; sound recorders and reproducers; television image and sound recorders and reproducers, parts and accessories of such articles",8504,D5,4.0,Manufactured Component,0.043540534929649086,0.521624401856196,0.14507608548033493,0.052534809039080414,0.2372241686947396,2,Primary Processed,0.778,False
902890,"Meters: parts and accessories of gas, liquid, electricity supply or production meters, including calibrating meters thereof",90,"Gas, liquid or electricity supply or production meters, including calibrating meters therefor","Optical, photographic, cinematographic, measuring, checking, medical or surgical instruments and apparatus; parts and accessories",9028,D5,4.0,Manufactured Component,0.014223536247245427,0.9077970237594492,0.028951746909360015,0.02617273608888966,0.022854956995055752,2,Primary Processed,0.2688,False
900640,"Cameras, photographic (excluding cinematographic): instant print cameras",90,"Cameras, photographic (excluding cinematographic); photographic flashlight apparatus and flashbulbs other than discharge lamps of heading no. 8539","Optical, photographic, cinematographic, measuring, checking, medical or surgical instruments and apparatus; parts and accessories",9006,D5,4.0,Manufactured Component,0.08166866262741908,0.13301049870190032,0.1799623560927894,0.04125348232665763,0.5641050002512336,5,Assembled/Finished,0.768,False
902129,Dental fittings: other than artificial teeth,90,"Orthopaedic appliances; including crutches, surgical belts and trusses; splints and other fracture appliances; artificial parts of the body; hearing aids and other which are worn, carried or implanted in the body to compensate for a defect or disability","Optical, photographic, cinematographic, measuring, checking, medical or surgical instruments and apparatus; parts and accessories",9021,D5,4.0,Manufactured Component,0.0674181784808633,0.26206385256873355,0.12890067262878566,0.05018300974378815,0.49143428657782934,5,Assembled/Finished,0.8053,False
902410,"Machines and appliances: for testing the hardness, strength, compressibility, elasticity or other mechanical properties of metals",90,"Machines and appliances for testing the hardness, strength, compressibility, elasticity of other mechanical properties of materials (e.g. metals, wood, textiles, paper, plastics)","Optical, photographic, cinematographic, measuring, checking, medical or surgical instruments and apparatus; parts and accessories",9024,D5,4.0,Manufactured Component,0.05511669585785594,0.30426285464256997,0.09948194286366403,0.10233890532095856,0.4387996013149515,5,Assembled/Finished,0.8364,False
901580,"Surveying equipment: articles n.e.c. in heading no. 9015, including hydrographic, oceanographic, hydrological, meteorological or geophysical instruments and appliances (excluding compasses)",90,"Surveying (including photogrammetrical surveying), hydrographic, oceanographic, hydrological, meteorological or geophysical instruments and appliances, excluding compasses, rangefinders","Optical, photographic, cinematographic, measuring, checking, medical or surgical instruments and apparatus; parts and accessories",9015,D5,4.0,Manufactured Component,0.09791220651632393,0.06843818673165003,0.16227882979602493,0.06230667932103068,0.6090640976349704,5,Assembled/Finished,0.7339,False
900390,"Frames and mountings: parts for spectacles, goggles or the like",90,"Frames and mountings; for spectacles, goggles or the like, and parts","Optical, photographic, cinematographic, measuring, checking, medical or surgical instruments and apparatus; parts and accessories",9003,D5,4.0,Manufactured Component,0.13567502721734628,0.30918851739644443,0.2647120334652697,0.10095510939785489,0.1894693125230847,2,Primary Processed,0.9522,False
903110,Machines: for balancing mechanical parts,90,"Measuring or checking instruments, appliances and machines, n.e.c. or included in this chapter; profile projectors","Optical, photographic, cinematographic, measuring, checking, medical or surgical instruments and apparatus; parts and accessories",9031,D5,4.0,Manufactured Component,0.05735464864150536,0.3870972414170925,0.14623716181970223,0.11422155988542108,0.29508938823627884,2,Primary Processed,0.8826,False
901812,"Medical, surgical instruments and appliances: ultrasonic scanning apparatus",90,"Instruments and appliances used in medical, surgical, dental or veterinary sciences, including scintigraphic apparatus, other electro-medical apparatus and sight testing instruments","Optical, photographic, cinematographic, measuring, checking, medical or surgical instruments and apparatus; parts and accessories",9018,D5,4.0,Manufactured Component,0.0812366214118163,0.26674934625440805,0.07993697941444115,0.08686604901702592,0.48521100390230854,5,Assembled/Finished,0.8211,False
901813,"Medical, surgical instruments and appliances: magnetic resonance imaging apparatus",90,"Instruments and appliances used in medical, surgical, dental or veterinary sciences, including scintigraphic apparatus, other electro-medical apparatus and sight testing instruments","Optical, photographic, cinematographic, measuring, checking, medical or surgical instruments and apparatus; parts and accessories",9018,D5,4.0,Manufactured Component,0.08898343543634275,0.23922508534305179,0.08845004089698379,0.08000880092421775,0.5033326373994039,5,Assembled/Finished,0.8199,False
900630,"Cameras, photographic (excluding cinematographic): specially designed for underwater use, aerial survey, medical or surgical examination of internal organs: comparison cameras for forensic or criminological use",90,"Cameras, photographic (excluding cinematographic); photographic flashlight apparatus and flashbulbs other than discharge lamps of heading no. 8539","Optical, photographic, cinematographic, measuring, checking, medical or surgical instruments and apparatus; parts and accessories",9006,D5,4.0,Manufactured Component,0.037915280538973195,0.12623138255509053,0.14914197664178994,0.13420207298539308,0.5525092872787533,5,Assembled/Finished,0.7869,False
901490,Navigational instruments and appliances: parts and accessories,90,Navigational instruments and appliances; direction finding compasses,"Optical, photographic, cinematographic, measuring, checking, medical or surgical instruments and apparatus; parts and accessories",9014,D5,4.0,Manufactured Component,0.16674683987377525,0.40391268695181426,0.17400890523115647,0.16366574195035619,0.09166582599289781,2,Primary Processed,0.9223,False
901920,"Therapeutic respiration apparatus: ozone, oxygen, aerosol therapy apparatus: artificial respiration or other therapeutic respiration apparatus",90,"Mechano-therapy, massage appliances; psychological aptitude testing apparatus; ozone, oxygen, aerosol therapy, artificial respiration or other therapeutic respiration apparatus","Optical, photographic, cinematographic, measuring, checking, medical or surgical instruments and apparatus; parts and accessories",9019,D5,4.0,Manufactured Component,0.018230918659039447,0.7528377119240335,0.07189772224502472,0.02947972320407835,0.12755392396782395,2,Primary Processed,0.5235,False
902230,X-ray tubes,90,"Apparatus based on the use of x-rays or of alpha, beta, gamma or other ionising radiations, whether or not for medical, surgical, dental or veterinary uses, including radiography or radiotherapy apparatus, x-ray tubes and other x-ray generators, high tens","Optical, photographic, cinematographic, measuring, checking, medical or surgical instruments and apparatus; parts and accessories",9022,D5,4.0,Manufactured Component,0.1635244549633732,0.335179073183949,0.10660522083212513,0.08264632085883322,0.3120449301617194,2,Primary Processed,0.9137,False
871495,"Cycles: parts thereof, saddles",87,Vehicles; parts and accessories of heading no. 8711 to 8713,"Vehicles; other than railway or tramway rolling stock, and parts and accessories thereof",8714,D5,5.0,Assembled/Finished,0.1943461986080945,0.4438488053128479,0.13995828807478283,0.13742219992213844,0.08442450808213627,2,Primary Processed,0.8919,False
870110,Tractors: single axle,87,Tractors; (other than tractors of heading no 8709),"Vehicles; other than railway or tramway rolling stock, and parts and accessories thereof",8701,D5,5.0,Assembled/Finished,0.30369709186504784,0.22145299030834023,0.05205036540535845,0.0802350747681626,0.34256447765309084,5,Assembled/Finished,0.8817,True
870390,Vehicles: for transport of persons (other than those of heading no. 8702) n.e.c. in heading no. 8703,87,"Motor cars and other motor vehicles; principally designed for the transport of persons (other than those of heading no. 8702), including station wagons and racing cars","Vehicles; other than railway or tramway rolling stock, and parts and accessories thereof",8703,D5,5.0,Assembled/Finished,0.10378330742182695,0.1052067409191071,0.20599253059884692,0.1157116428761296,0.4693057781840894,5,Assembled/Finished,0.8711,True
870350,"Vehicles: with both compression-ignition internal combustion piston engine (diesel or semi-diesel) and electric motor for propulsion, incapable of being charged by plugging to external source of electric power",87,"Motor cars and other motor vehicles; principally designed for the transport of persons (other than those of heading no. 8702), including station wagons and racing cars","Vehicles; other than railway or tramway rolling stock, and parts and accessories thereof",8703,D5,5.0,Assembled/Finished,0.008008379369849274,0.01542213163640899,0.3905219973545969,0.24684646357824708,0.33920102806089775,3,Fabricated Material,0.7346,False
870290,"Vehicles: public transport type (carries 10 or more persons, including driver), n.e.c. in heading 8702, new or used",87,Vehicles; public transport passenger type,"Vehicles; other than railway or tramway rolling stock, and parts and accessories thereof",8702,D5,5.0,Assembled/Finished,0.05090845186604366,0.20633027678987842,0.19669223589106516,0.145327175210149,0.40074186024286373,5,Assembled/Finished,0.8971,True
871200,"Bicycles and other cycles: including delivery tricycles, not motorised",87,"Bicycles and other cycles; including delivery tricycles, not motorised","Vehicles; other than railway or tramway rolling stock, and parts and accessories thereof",8712,D5,5.0,Assembled/Finished,0.21767629034291833,0.02075409082311121,0.6603743833191876,0.017843804721718887,0.08335143079306391,3,Fabricated Material,0.5998,False
870230,"Vehicles: public transport type (carries 10 or more persons, including driver), with both compression-ignition internal combustion piston engine (diesel or semi-diesel) and electric motor for propulsion, new or used",87,Vehicles; public transport passenger type,"Vehicles; other than railway or tramway rolling stock, and parts and accessories thereof",8702,D5,5.0,Assembled/Finished,0.01439850501408089,0.06005315885304235,0.03532702340143331,0.15578707607152822,0.7344342366599153,5,Assembled/Finished,0.5371,True
870331,"Vehicles: with only compression-ignition internal combustion piston engine (diesel or semi-diesel), cylinder capacity not over 1500cc",87,"Motor cars and other motor vehicles; principally designed for the transport of persons (other than those of heading no. 8702), including station wagons and racing cars","Vehicles; other than railway or tramway rolling stock, and parts and accessories thereof",8703,D5,5.0,Assembled/Finished,0.03926867663043004,0.25334620758905496,0.12905533756005025,0.47978187143558865,0.09854790678487614,4,Manufactured Component,0.8201,False
910310,"Clocks: with watch movements, electrically operated, excluding clocks of heading no. 9104",91,"Clocks; with watch movements, excluding clocks of heading no. 9104",Clocks and watches and parts thereof,9103,D5,5.0,Assembled/Finished,0.05083887241155749,0.20516808178150592,0.08953926645562599,0.12166699676463755,0.532786782586673,5,Assembled/Finished,0.7979,True
911410,"Clock or watch parts: springs, including hairsprings",91,Clock or watch parts; n.e.c. in chapter 91,Clocks and watches and parts thereof,9114,D5,5.0,Assembled/Finished,0.44357260560091244,0.24708101043930336,0.053604371115809554,0.03810702477248524,0.2176349880714894,1,Raw/Unprocessed,0.8197,False
911440,Clock or watch parts: plates and bridges,91,Clock or watch parts; n.e.c. in chapter 91,Clocks and watches and parts thereof,9114,D5,5.0,Assembled/Finished,0.32909196370026494,0.22275593710872577,0.07683029713608103,0.041801489578176365,0.32952031247675184,5,Assembled/Finished,0.8673,True
911390,"Watch straps, watch bands, watch bracelets, and parts thereof: n.e.c. in heading no. 9113",91,"Watch straps, watch bands, watch bracelets and parts thereof",Clocks and watches and parts thereof,9113,D5,5.0,Assembled/Finished,0.24097475912152846,0.2722557373538125,0.16075294551148117,0.05267547972712563,0.27334107828605225,5,Assembled/Finished,0.9323,True
860719,"Railway or tramway locomotives or rolling stock: parts, axles and wheels, and parts thereof",86,Railway or tramway locomotives or rolling stock; parts thereof,"Railway, tramway locomotives, rolling-stock and parts thereof; railway or tramway track fixtures and fittings and parts thereof; mechanical (including electro-mechanical) traffic signalling equipment of all kinds",8607,D5,5.0,Assembled/Finished,0.14021332979838041,0.27851025100082905,0.07875053819270546,0.14449748827509548,0.3580283927329896,5,Assembled/Finished,0.9189,True
860630,"Railway or tramway goods vans and wagons: self-discharging, not self-propelled, excluding those of item no. 8606.10",86,Railway or tramway goods vans and wagons; not self-propelled,"Railway, tramway locomotives, rolling-stock and parts thereof; railway or tramway track fixtures and fittings and parts thereof; mechanical (including electro-mechanical) traffic signalling equipment of all kinds",8606,D5,5.0,Assembled/Finished,0.11561576535438967,0.07961352347463795,0.372771390663938,0.047854290482125215,0.38414503002490913,5,Assembled/Finished,0.8275,True
890110,"Cruise ships, excursion boats and similar vessels, principally designed for the transport of persons, ferry boats of all kinds",89,"Cruise ships, excursion boats, ferry-boats, cargo ships, barges and similar vessels for the transport of persons or goods","Ships, boats and floating structures",8901,D5,5.0,Assembled/Finished,0.03767175445560627,0.08084375079988965,0.10667263279334098,0.07613804624409039,0.6986738157070728,5,Assembled/Finished,0.6289,True
890120,Tankers,89,"Cruise ships, excursion boats, ferry-boats, cargo ships, barges and similar vessels for the transport of persons or goods","Ships, boats and floating structures",8901,D5,5.0,Assembled/Finished,0.1789148098553774,0.33209090435233996,0.08321995040118842,0.060924252542130575,0.3448500828489637,5,Assembled/Finished,0.8814,True
920110,"Musical instruments: pianos, upright, including automatic pianos",92,"Pianos; including automatic pianos, harpsichords and other keyboard stringed instruments",Musical instruments; parts and accessories of such articles,9201,D5,5.0,Assembled/Finished,0.04390578880555141,0.10331357655352266,0.03799409560837208,0.053265469270403286,0.7615210697621506,5,Assembled/Finished,0.5341,True
920120,"Musical instruments: pianos, grand",92,"Pianos; including automatic pianos, harpsichords and other keyboard stringed instruments",Musical instruments; parts and accessories of such articles,9201,D5,5.0,Assembled/Finished,0.11152432363162168,0.1859575551589777,0.14956002271682076,0.07787890906361288,0.475079189428967,5,Assembled/Finished,0.8661,True
880330,Aircraft and spacecraft: parts of aeroplanes or helicopters n.e.c. in heading no. 8803,88,,"Aircraft, spacecraft, and parts thereof",8803,D5,5.0,Assembled/Finished,0.15042466597667334,0.34522651189088127,0.2783632402880448,0.12456093540315041,0.10142464644125014,2,Primary Processed,0.9318,False
880400,Parachutes (including dirigible parachutes and paragliders) and rotochutes: parts thereof and accessories thereto,88,Parachutes (including dirigible parachutes and paragliders) and rotochutes; parts thereof and accessories thereto,"Aircraft, spacecraft, and parts thereof",8804,D5,5.0,Assembled/Finished,0.10799019703276308,0.4134989648051637,0.07847574294749093,0.19057436145414142,0.20946073376044083,2,Primary Processed,0.9001,False
